realizacion,frame_ini,frame_fin,t_ini_s,n_saltos,n_ccw,n_cw,angulo_final_deg,secuencia
1,151,285,5.03,9,4,5,-180,LRRRRRLLL
2,514,680,17.13,9,5,4,180,LLLRRRLRL
3,813,962,27.10,9,5,4,180,LLRRLRLRL
4,1134,1281,37.80,9,4,5,-180,LRLRRRLRL
5,1533,1676,51.10,9,7,2,900,LLRLLLLLR
6,1883,2021,62.77,9,4,5,-180,RLRRRRLLL
7,2161,2298,72.03,9,7,2,900,LLRLLRLLL
8,2421,2558,80.70,9,5,4,180,RLLLRRLLR
11,3609,3744,120.30,9,3,6,-540,LRLRRRLRR
12,3940,4074,131.33,9,7,2,900,RLLLRLLLL
13,4295,4428,143.17,9,5,4,180,LLRRLLRRL
14,4612,4750,153.73,9,3,6,-540,RLRLRRRLR
15,4935,5087,164.50,8,5,3,360,RRRLLLLL
16,5212,5370,173.73,8,2,6,-720,LRRLRRRR
17,5554,5696,185.13,9,6,3,540,LLRLLLRRL
18,5805,6012,193.50,9,6,3,540,RRLRLLLLL
