realizacion,n_salto,frame_ini,frame_fin,t_s,lado,sentido,angulo_acum_deg,altura_px,confianza
1,1,156,160,0.167,izq,+1,180,382,1.00
1,2,170,173,0.633,der,-1,0,489,1.00
1,3,183,186,1.067,der,-1,-180,613,1.00
1,4,194,197,1.433,der,-1,-360,668,1.00
1,5,205,208,1.800,der,-1,-540,771,1.00
1,6,219,220,2.267,der,-1,-720,825,1.00
1,7,231,234,2.667,izq,+1,-540,918,1.00
1,8,245,248,3.133,izq,+1,-360,1018,1.00
1,9,257,261,3.533,izq,+1,-180,1074,0.93
2,1,516,520,0.067,izq,+1,180,358,1.00
2,2,528,531,0.467,izq,+1,360,448,1.00
2,3,541,544,0.900,izq,+1,540,537,1.00
2,4,552,554,1.267,der,-1,360,643,1.00
2,5,562,566,1.600,der,-1,180,725,1.00
2,6,576,578,2.067,der,-1,0,816,1.00
2,7,591,595,2.567,izq,+1,180,911,1.00
2,8,606,608,3.067,der,-1,0,998,1.00
2,9,618,621,3.467,izq,+1,180,1066,1.00
3,1,825,828,0.400,izq,+1,180,360,1.00
3,2,840,843,0.900,izq,+1,360,470,1.00
3,3,853,856,1.333,der,-1,180,574,1.00
3,4,863,866,1.667,der,-1,0,630,1.00
3,5,885,887,2.400,izq,+1,180,731,1.00
3,6,895,898,2.733,der,-1,0,809,1.00
3,7,909,911,3.200,izq,+1,180,935,1.00
3,8,922,924,3.633,der,-1,0,992,1.00
3,9,934,937,4.033,izq,+1,180,1068,1.00
4,1,1144,1148,0.333,izq,+1,180,358,1.00
4,2,1161,1165,0.900,der,-1,0,453,1.00
4,3,1175,1178,1.367,izq,+1,180,540,1.00
4,4,1186,1188,1.733,der,-1,0,630,1.00
4,5,1204,1207,2.333,der,-1,-180,728,1.00
4,6,1217,1218,2.767,der,-1,-360,828,1.00
4,7,1229,1232,3.167,izq,+1,-180,903,1.00
4,8,1243,1245,3.633,der,-1,-360,984,1.00
4,9,1254,1257,4.000,izq,+1,-180,1063,1.00
5,1,1540,1544,0.233,izq,+1,180,371,1.00
5,2,1553,1556,0.667,izq,+1,360,451,1.00
5,3,1567,1570,1.133,der,-1,180,596,1.00
5,4,1577,1580,1.467,izq,+1,360,636,1.00
5,5,1591,1593,1.933,izq,+1,540,717,1.00
5,6,1605,1607,2.400,izq,+1,720,825,1.00
5,7,1619,1622,2.867,izq,+1,900,893,1.00
5,8,1629,1632,3.200,izq,+1,1080,1003,1.00
5,9,1641,1644,3.600,der,-1,900,1068,1.00
6,1,1888,1892,0.167,der,-1,-180,359,1.00
6,2,1903,1906,0.667,izq,+1,0,457,1.00
6,3,1915,1917,1.067,der,-1,-180,555,1.00
6,4,1926,1929,1.433,der,-1,-360,644,1.00
6,5,1943,1945,2.000,der,-1,-540,743,1.00
6,6,1956,1959,2.433,der,-1,-720,833,1.00
6,7,1972,1974,2.967,izq,+1,-540,922,1.00
6,8,1986,1989,3.433,izq,+1,-360,985,1.00
6,9,2000,2003,3.900,izq,+1,-180,1067,1.00
7,1,2170,2173,0.300,izq,+1,180,354,1.00
7,2,2182,2185,0.700,izq,+1,360,455,1.00
7,3,2195,2198,1.133,der,-1,180,592,1.00
7,4,2207,2210,1.533,izq,+1,360,634,1.00
7,5,2221,2223,2.000,izq,+1,540,736,1.00
7,6,2233,2236,2.400,der,-1,360,848,1.00
7,7,2250,2252,2.967,izq,+1,540,911,1.00
7,8,2261,2264,3.333,izq,+1,720,987,1.00
7,9,2273,2275,3.733,izq,+1,900,1071,1.00
8,1,2428,2431,0.233,der,-1,-180,356,1.00
8,2,2440,2444,0.633,izq,+1,0,453,1.00
8,3,2451,2454,1.000,izq,+1,180,551,1.00
8,4,2471,2474,1.667,izq,+1,360,634,1.00
8,5,2485,2486,2.133,der,-1,180,731,1.00
8,6,2498,2501,2.567,der,-1,0,811,1.00
8,7,2512,2514,3.033,izq,+1,180,920,1.00
8,8,2525,2528,3.467,izq,+1,360,981,1.00
8,9,2541,2543,4.000,der,-1,180,1066,1.00
11,1,3619,3623,0.333,izq,+1,180,351,1.00
11,2,3630,3634,0.700,der,-1,0,473,1.00
11,3,3642,3645,1.100,izq,+1,180,582,1.00
11,4,3656,3659,1.567,der,-1,0,658,1.00
11,5,3669,3671,2.000,der,-1,-180,734,1.00
11,6,3679,3681,2.333,der,-1,-360,839,1.00
11,7,3690,3692,2.700,izq,+1,-180,920,1.00
11,8,3702,3704,3.100,der,-1,-360,996,1.00
11,9,3714,3715,3.500,der,-1,-540,1065,1.00
12,1,3940,3943,0.000,der,-1,-180,357,1.00
12,2,3950,3953,0.333,izq,+1,0,448,1.00
12,3,3962,3966,0.733,izq,+1,180,567,1.00
12,4,3976,3979,1.200,izq,+1,360,632,1.00
12,5,3987,3990,1.567,der,-1,180,721,1.00
12,6,4002,4003,2.067,izq,+1,360,828,1.00
12,7,4025,4028,2.833,izq,+1,540,892,1.00
12,8,4042,4044,3.400,izq,+1,720,993,1.00
12,9,4051,4054,3.700,izq,+1,900,1065,1.00
13,1,4297,4300,0.067,izq,+1,180,348,1.00
13,2,4309,4312,0.467,izq,+1,360,437,1.00
13,3,4322,4325,0.900,der,-1,180,550,1.00
13,4,4333,4337,1.267,der,-1,0,647,1.00
13,5,4349,4351,1.800,izq,+1,180,727,1.00
13,6,4362,4366,2.233,izq,+1,360,822,1.00
13,7,4377,4379,2.733,der,-1,180,899,1.00
13,8,4394,4396,3.300,der,-1,0,992,1.00
13,9,4406,4409,3.700,izq,+1,180,1067,1.00
14,1,4618,4622,0.200,der,-1,-180,355,1.00
14,2,4633,4636,0.700,izq,+1,0,440,1.00
14,3,4643,4646,1.033,der,-1,-180,533,1.00
14,4,4660,4662,1.600,izq,+1,0,627,1.00
14,5,4675,4676,2.100,der,-1,-180,718,1.00
14,6,4687,4690,2.500,der,-1,-360,811,1.00
14,7,4702,4703,3.000,der,-1,-540,893,1.00
14,8,4714,4717,3.400,izq,+1,-360,986,1.00
14,9,4727,4729,3.833,der,-1,-540,1068,1.00
15,1,4941,4945,0.200,der,-1,-180,346,1.00
15,2,4954,4958,0.633,der,-1,-360,442,1.00
15,3,4970,4973,1.167,der,-1,-540,540,1.00
15,4,4982,4986,1.567,izq,+1,-360,629,1.00
15,5,5010,5013,2.500,izq,+1,-180,806,1.00
15,6,5025,5027,3.000,izq,+1,0,914,1.00
15,7,5036,5039,3.367,izq,+1,180,990,1.00
15,8,5049,5052,3.800,izq,+1,360,1063,1.00
16,1,5212,5216,0.000,izq,+1,180,337,1.00
16,2,5226,5230,0.467,der,-1,0,443,1.00
16,3,5242,5245,1.000,der,-1,-180,552,1.00
16,4,5255,5258,1.433,izq,+1,0,631,1.00
16,5,5273,5275,2.033,der,-1,-180,726,1.00
16,6,5287,5290,2.500,der,-1,-360,810,1.00
16,7,5315,5318,3.433,der,-1,-540,994,1.00
16,8,5328,5330,3.867,der,-1,-720,1068,1.00
17,1,5559,5562,0.167,izq,+1,180,347,1.00
17,2,5573,5577,0.633,izq,+1,360,446,1.00
17,3,5586,5589,1.067,der,-1,180,580,1.00
17,4,5602,5605,1.600,izq,+1,360,646,1.00
17,5,5615,5617,2.033,izq,+1,540,716,1.00
17,6,5629,5632,2.500,izq,+1,720,804,1.00
17,7,5642,5643,2.933,der,-1,540,901,1.00
17,8,5655,5658,3.367,der,-1,360,1018,1.00
17,9,5668,5671,3.800,izq,+1,540,1069,1.00
18,1,5811,5815,0.200,der,-1,-180,347,1.00
18,2,5822,5826,0.567,der,-1,-360,441,1.00
18,3,5834,5837,0.967,izq,+1,-180,540,1.00
18,4,5852,5856,1.567,der,-1,-360,623,1.00
18,5,5867,5870,2.067,izq,+1,-180,717,1.00
18,6,5882,5885,2.567,izq,+1,0,800,1.00
18,7,5896,5898,3.033,izq,+1,180,918,1.00
18,8,5909,5912,3.467,izq,+1,360,982,1.00
18,9,5923,5925,3.933,izq,+1,540,1067,1.00
