realizacion,carpeta,realizacion_original
1,muchas,1
2,muchas,2
3,muchas,3
4,muchas,4
5,muchas,5
6,muchas,6
7,muchas,7
8,muchas,8
9,muchas,9
10,muchas,10
11,muchas,11
12,muchas,12
13,muchas,13
14,muchas,14
15,muchas,15
16,muchas,16
17,muchas,17
18,muchas,18
19,muchas,19
20,muchas,20
21,muchas,21
22,muchas,22
23,muchas,23
24,muchas,24
25,muchas,25
26,muchas,26
27,muchas,27
28,muchas,28
29,muchas,29
30,muchas,30
31,muchas,31
32,muchas,32
33,muchas,33
34,muchas,34
35,20261008,1
36,20261008,2
37,20261008,3
38,20261008,4
39,20261008,5
40,20261008,6
41,20261008,7
42,20261008,8
43,20261008,11
44,20261008,12
45,20261008,13
46,20261008,14
47,20261008,15
48,20261008,16
49,20261008,17
50,20261008,18
