realizacion,n_salto,sentido,pendiente_reposo
1,1,-1,-0.1600
1,2,-1,-0.1166
1,3,-1,-0.0025
1,4,-1,-0.0442
1,5,+1,0.1840
1,6,-1,0.0478
1,7,-1,-0.2874
1,8,-1,-0.0834
1,9,+1,0.1144
2,1,+1,0.2351
2,2,+1,0.1319
2,3,-1,0.0843
2,4,+1,0.1082
2,5,+1,0.1649
2,6,+1,0.1544
2,7,+1,0.1337
2,8,-1,-0.0830
2,9,+1,0.0911
2,10,-1,-0.1028
3,1,+1,0.1831
3,2,+1,0.1409
3,3,-1,-0.0418
3,4,-1,-0.1451
3,5,-1,0.0754
3,6,+1,0.1459
3,7,+1,0.2386
3,8,-1,-0.1919
3,9,-1,-0.1326
4,1,+1,-0.1415
4,2,-1,-0.1336
4,3,+1,0.1435
4,4,+1,0.1361
4,5,+1,0.1714
4,6,+1,0.0842
4,7,+1,0.2414
4,8,-1,-0.0895
4,9,+1,-0.0090
4,10,-1,-0.1250
5,1,-1,0.0659
5,2,+1,0.1335
5,3,+1,0.1255
5,4,+1,0.1199
5,5,+1,0.1366
5,6,+1,0.1057
5,7,+1,0.2606
5,8,-1,-0.0668
5,9,+1,0.0050
5,10,-1,-0.0868
6,1,-1,-0.1333
6,2,+1,0.2062
6,3,-1,0.0806
6,4,-1,0.0418
6,5,+1,0.2090
6,6,+1,0.1566
6,7,-1,-0.0089
6,8,-1,-0.0905
6,9,-1,-0.1497
6,10,+1,-0.0052
7,1,+1,-0.0143
7,2,+1,0.1452
7,3,-1,0.0947
7,4,+1,0.1357
7,5,+1,0.1087
7,6,+1,0.1197
7,7,-1,-0.1174
7,8,-1,0.0552
7,9,-1,-0.2044
7,10,-1,-0.3506
8,1,+1,-0.1328
8,2,-1,0.0490
8,3,-1,-0.0223
8,4,-1,0.0441
8,5,+1,0.0930
8,6,+1,0.1296
8,7,+1,0.1109
8,8,+1,-0.0549
8,9,+1,-0.0067
9,1,-1,-0.1412
9,2,-1,0.0443
9,3,+1,0.1306
9,4,-1,0.0340
9,5,-1,-0.0808
9,6,+1,0.0567
9,7,+1,0.1456
9,8,+1,0.0547
9,9,-1,-0.2395
10,1,-1,0.0171
10,2,-1,0.0723
10,3,-1,0.0388
10,4,+1,0.1433
10,5,-1,-0.0198
10,6,+1,0.1443
10,7,+1,0.1865
10,8,-1,0.0576
11,1,-1,0.0570
11,2,-1,0.0676
11,3,-1,0.1273
11,4,-1,0.0113
11,5,-1,0.1496
11,6,-1,0.0248
11,7,+1,0.1736
11,8,+1,0.0707
11,9,-1,-0.1079
11,10,+1,0.1124
12,1,-1,-0.0623
12,2,+1,0.0664
12,3,-1,0.1309
12,4,-1,-0.0648
12,5,-1,-0.0367
12,6,-1,-0.0018
12,7,-1,-0.0258
12,8,-1,-0.0335
12,9,-1,-0.1771
12,10,+1,-0.0191
13,1,+1,0.1097
13,2,-1,0.0644
13,3,+1,0.1716
13,4,+1,0.1034
13,5,-1,0.1082
13,6,-1,-0.0564
13,7,+1,0.2023
13,8,-1,-0.1435
13,9,+1,0.1640
13,10,+1,0.1455
14,1,-1,-0.0399
14,2,-1,0.0498
14,3,+1,0.1703
14,4,+1,0.0549
14,5,+1,0.1577
14,6,+1,0.0859
14,7,+1,0.3175
14,8,+1,0.0103
14,9,+1,0.2090
15,1,-1,0.0687
15,2,-1,0.0270
15,3,-1,0.0097
15,4,+1,0.0668
15,5,-1,0.1236
15,6,+1,0.1425
15,7,+1,0.2579
15,8,+1,0.0367
15,9,-1,0.1461
16,1,+1,0.0790
16,2,+1,0.1728
16,3,+1,0.1347
16,4,+1,0.1206
16,5,+1,0.1115
16,6,+1,0.1409
16,7,+1,0.2321
16,8,+1,0.0831
16,9,+1,0.1181
16,10,+1,-0.0233
17,1,+1,0.0647
17,2,-1,-0.0656
17,3,-1,0.0776
17,4,-1,0.0361
17,5,+1,0.1556
17,6,-1,-0.0081
17,7,-1,-0.0526
17,8,-1,-0.0965
17,9,-1,-0.0930
18,1,+1,0.0724
18,2,-1,0.0373
18,3,+1,0.1559
18,4,+1,0.1326
18,5,+1,0.1682
18,6,-1,0.0255
18,7,+1,0.1775
18,8,-1,-0.0225
18,9,+1,0.0436
18,10,+1,0.1381
19,1,-1,-0.0409
19,2,-1,0.1434
19,3,+1,0.0758
19,4,-1,0.0592
19,5,-1,-0.0497
19,6,-1,0.0868
19,7,+1,0.1520
19,8,-1,0.0600
19,9,-1,-0.0185
19,10,-1,-0.1925
20,1,-1,-0.1003
20,2,-1,0.0204
20,3,-1,0.0463
20,4,+1,0.1302
20,5,+1,-0.0258
20,6,+1,0.2027
20,7,-1,-0.0332
20,8,-1,0.0254
20,9,-1,0.1319
21,1,-1,-0.1366
21,2,-1,0.1310
21,3,+1,0.0931
21,4,+1,0.2123
21,5,-1,-0.1861
21,6,+1,0.1172
21,7,+1,0.0318
21,8,-1,0.2210
21,9,+1,0.0040
21,10,-1,0.1930
22,1,-1,0.0240
22,2,-1,0.0696
22,3,+1,-0.0122
22,4,-1,0.0047
22,5,+1,0.0210
22,6,-1,0.1283
22,7,+1,-0.0453
22,8,-1,0.0339
22,9,+1,0.1684
23,1,-1,-0.1899
23,2,+1,0.1832
23,3,+1,0.1417
23,4,-1,-0.0707
23,5,-1,-0.0095
23,6,+1,0.2220
23,7,+1,0.0606
23,8,-1,-0.1139
23,9,+1,0.0209
23,10,-1,-0.1222
24,1,-1,0.0161
24,2,-1,0.1298
24,3,+1,0.1426
24,4,-1,0.1147
24,5,-1,-0.0236
24,6,-1,-0.0463
24,7,+1,0.1532
24,8,-1,-0.1579
24,9,+1,0.0954
24,10,-1,-0.0031
25,1,-1,-0.1669
25,2,-1,-0.0157
25,3,-1,0.0620
25,4,-1,0.0357
25,5,+1,0.1374
25,6,-1,0.0384
25,7,-1,-0.0531
25,8,-1,-0.0861
25,9,-1,-0.1659
26,1,-1,-0.0605
26,2,+1,0.0782
26,3,-1,0.1096
26,4,-1,0.0666
26,5,+1,0.1597
26,6,+1,0.1260
26,7,-1,-0.0714
26,8,+1,0.4870
26,9,+1,0.0293
27,1,+1,0.6209
27,2,+1,0.2125
27,3,+1,0.0234
27,4,+1,0.2300
27,5,-1,-0.1760
27,6,-1,-0.1373
27,7,-1,-0.0811
27,8,+1,-0.1485
28,1,-1,-0.0019
28,2,-1,-0.1202
28,3,-1,-0.1684
28,4,+1,0.1607
28,5,+1,0.1569
28,6,+1,0.2478
28,7,-1,-0.1844
28,8,+1,-0.0879
28,9,+1,0.0677
29,1,-1,-0.1414
29,2,-1,-0.0237
29,3,+1,0.0644
29,4,+1,-0.0501
29,5,+1,0.0272
29,6,-1,-0.0333
29,7,+1,0.1582
29,8,-1,-0.2154
29,9,+1,-0.0835
29,10,+1,-0.0766
30,1,+1,-0.0004
30,2,+1,0.1264
30,3,+1,0.0750
30,4,+1,0.1140
30,5,-1,-0.1468
30,6,+1,-0.0069
30,7,+1,0.2223
30,8,-1,-0.0057
30,9,-1,-0.2619
31,1,-1,-0.0204
31,2,-1,0.0093
31,3,+1,0.1772
31,4,+1,-0.0040
31,5,-1,0.1095
31,6,+1,0.0336
31,7,-1,-0.1615
31,8,+1,0.2501
31,9,+1,-0.0560
32,1,-1,0.0611
32,2,-1,-0.1362
32,3,+1,0.1443
32,4,+1,-0.0115
32,5,+1,0.1462
32,6,+1,0.1139
32,7,+1,0.1393
32,8,+1,-0.0346
32,9,-1,0.0219
32,10,+1,-0.0535
33,1,-1,-0.3503
33,2,+1,0.0823
33,3,-1,0.0367
33,4,-1,-0.0948
33,5,-1,0.0096
33,6,-1,-0.1733
33,7,+1,0.2047
33,8,-1,-0.3157
33,9,-1,-0.0916
33,10,+1,-0.1409
34,1,-1,0.0040
34,2,-1,0.1430
34,3,-1,-0.0748
34,4,-1,-0.0210
34,5,+1,0.1110
34,6,+1,0.1887
34,7,+1,0.1452
34,8,-1,-0.1023
34,9,-1,-0.2366
34,10,-1,-0.2295
